"","s1","s2","s3","s4","s5","s6","s7","s8","s9","s10","s11","s12","s13","s14","s15","s16","s17","s18","s19","s20"
"gene1",-0.0158293235412026,-1.90788669892082,0.29869898142123,-0.668165035020151,-1.36190509099915,-3.31072204058847,-1.30363755601094,6.22118825572313,5.17502501683136,6.24975916100246,3.4323388627131,6.0458498230775,4.24244142449052,5.95628277371902,5.87203467446201,6.05276328734107,4.65743421375255,5.15138455607246,4.44235050344866,4.09922867815834
"gene2",-9.95056726851472,-13.3575433476467,-15.3340055713649,-14.2364968972567,-12.9324472064847,-12.7581008309933,-13.9839727472054,-10.1759195022625,-8.37662550591177,-10.8487471916535,-9.56391023456274,-9.98882642715066,-11.5204047757467,-9.91679926170018,-8.46228490687126,-9.40808664351446,-7.04440940853328,-10.0263946352632,-8.598753893672,-8.32935085687064
"gene3",4.44615018265958,6.73533642080954,8.89038517788204,8.74806822907667,7.08062234165034,5.9976484655432,6.96314824562902,7.67264393941208,7.82344490352222,7.0121710151957,6.32867469115963,8.0959147615405,8.80883893383135,9.75574839623606,9.20902399128343,5.97698708144427,8.06804357075838,9.2317118075978,8.0997845096438,9.11727204739078
"gene4",12.8160978358436,14.0900658892521,15.5582079762784,14.5505435627994,13.5518725322869,12.7724200615759,16.419031409798,16.046625267598,12.6118029814548,14.6286104248841,12.9172177517367,13.4236687897337,15.1100772612655,13.6179348506023,14.7769897289634,12.6256554237191,13.0075125623048,12.9851810464751,13.6962479142974,12.6957061423768
"gene5",NA,NA,NA,NA,NA,NA,NA,NA,NA,NA,NA,NA,NA,NA,NA,NA,NA,NA,NA,NA
"gene6",-0.306301783918229,-1.5208745549752,0.111387715691892,-0.568547032689702,-1.03002514458323,-0.0623474964226235,1.69273375198577,-0.215495780692847,1.56803608252857,-3.37593689470016,-2.38732420015592,0.563666137155972,-0.600472467899873,-0.493379343203445,-1.23693380874771,-2.84226050335963,-1.06556629782713,-0.103019241566403,-2.50004523282556,-1.179177946262
"gene7",-5.01692238650734,-5.34636691447168,-5.73147222548604,-5.28370920863614,-4.53538343878954,-3.04108280086514,-5.2954672369503,-9.33355854968133,-9.14105148337215,-11.4917006818178,-10.9340775996077,-8.05401394029375,-12.337758121328,-9.2161205657135,-9.77111097160222,-10.6359896899296,-8.00872305623617,-10.4664939238443,-10.2043346953711,-10.966768568996
"gene8",6.91917710289177,7.40874397369481,7.14651387242627,6.07055595051669,7.53137164585438,6.46900998640977,7.11343461659222,8.46460600549248,7.28948221657647,7.2302460264083,6.19538605969835,6.40272355688741,7.90296834225727,7.51147765325531,7.92388612282734,7.29286066971718,8.06108393204159,9.14855177154036,6.605107363874,6.43583815686042
"gene9",-11.8222724408332,-12.0394305951201,-14.5431557282723,-13.040504653925,-13.412074563506,-13.5573169410606,-14.9996090669063,-13.5175913660404,-11.6034474728048,-13.2056865056794,-14.1927404369658,-13.4446713455014,-14.3799209967016,-13.6379995315198,-11.3703722678508,-12.6437898286761,-12.3716331613022,-14.8130884313495,-14.350506092536,-11.2118645221206
"gene10",2.003,NA,NA,NA,NA,NA,NA,NA,NA,2.003,NA,NA,NA,NA,NA,NA,NA,NA,NA,NA
"gene11",-8.06794944802687,-12.4223800080907,-12.7269943789314,-10.3901673943328,-9.06902962839964,-10.4133223727854,-11.5115335483472,-13.7959267061657,-16.5929358578214,-17.1475909226505,-13.3853967159296,-13.8295121892174,-18.3068803188402,-17.717697828668,-16.8602936433831,-16.4683077342065,-15.6536827493884,-14.8291786327856,-15.8477367169349,-17.0236352605842
"gene12",16.5672474141171,19.6496062168898,18.5973535064848,16.4877286951618,22.6987749762231,20.0866725521133,22.3998138456915,15.0606678192309,15.444189534887,15.8696780829912,12.3752486007037,13.7373890862512,17.6125607724582,14.2014382011126,15.148509542848,12.5191130002031,12.7609969056476,13.4287887312585,12.5966890053263,14.999389729216
"gene13",-8.43566149702627,-8.24023355548275,-10.1814238124594,-8.92530257537834,-8.87586916493165,-7.48060956444371,-9.51509365692276,1.60405581553741,2.94702883719272,-0.0243138941551028,-0.322905529192315,0.736440797168277,1.79001637667456,2.67962261278867,-0.519744185490339,2.40158498005134,-0.00415070392102168,2.33693936407752,-0.380885104888366,0.410942075442733
"gene14",6.38366794864125,7.5463217663349,5.24979126782788,6.86856270993446,6.34077241723466,5.04101508863614,5.71919782642022,6.65303597429367,3.94306219254136,5.65164794758247,4.42139983838883,6.13738138441777,6.63125043402705,3.94582665432862,6.9014232276739,7.60613014932175,6.03815793180162,4.82078388295054,6.01166785901832,6.84439737838256
"gene15",0.720443915270075,1.72403588658654,2.13976458959367,2.18999815320445,1.00536537127196,0.423928209109122,0.977260956476385,4.74595939162523,6.53744840703255,6.0455494822301,4.48471431159247,4.90012556461859,4.73477283042279,5.46565362577312,3.94059019864699,5.3738375912743,4.96603092769339,6.66715928320206,4.70076769631128,4.84870495948792
"gene16",10.2773906593785,10.0007118220581,12.5145452605354,10.9057774661858,12.4594812402081,10.488251343071,12.6434239477926,13.2810630540054,12.6837428671581,13.5132839282828,13.2409389458735,12.6609753859826,13.6818776630359,11.5341614114922,12.1335850329744,10.242990658262,11.2286352417512,13.6817210701987,11.540830936457,12.0623062414947
"gene17",6.32314579206416,6.84885679154568,4.64581908585935,5.26020809501681,6.0139983908733,6.72138620228632,6.5049363588573,6.85370563854661,5.86623335482119,5.67042236013688,5.57952539589158,5.76773459993204,7.42774372323889,6.32644824390253,7.09731116580007,5.57278621247608,5.12988531584319,5.70657393289071,6.31328646322962,5.7340179119326
"gene18",3.51120552833868,2.30472460462716,2.81880978217857,2.05218626283816,1.81802082982562,-0.556282839775569,0.850133069604364,5.77789394114985,2.78685656237369,4.91397063239413,3.67766669393926,4.49986785777087,4.76147047041488,3.57677686763396,5.08594580932757,5.73080768570484,4.86753309969986,4.71247023538531,5.80067075424111,6.00987317216179
"gene19",5.71128402211316,8.29032052294865,8.88951408495769,6.73979350931372,8.42192421101982,7.75166427961205,6.70234487014008,3.08222231122835,4.32416662115929,4.57248992325289,3.51126334478818,4.23944775380056,3.67889308783505,3.91458218174097,3.93470593689889,4.09935282386162,5.06143993811002,2.17152527316192,3.79174439975907,4.12267672844741
"gene20",-11.1741136138095,-12.2203767809247,-12.5581926758535,-10.7970068868716,-12.3743808833216,-9.8362296090943,-13.3030420667766,-19.0614801149672,-17.0712077289784,-18.8144062627152,-16.9488134819938,-16.4132864623426,-18.2833667565043,-16.6301311609428,-17.5793914119956,-16.5136308906463,-15.6760538181571,-15.2607899885673,-17.4851633993452,-19.8385622312437
"gene21",24.7792383266216,27.3681989338336,28.6515016818125,26.5422822859979,26.833223957419,26.5339083156987,31.2777038072846,22.7338244219459,21.9390044528478,23.1364215558669,21.3640711018221,22.2889668258954,23.6386395184768,23.0250005732302,21.9203676956432,20.6210922343932,21.1370162375563,20.7134558994186,21.5815560129859,21.0646653328148
"gene22",-21.3163991375773,-23.3532635445731,-25.6698480605521,-22.9731813895478,-21.3686445363919,-20.0411420109361,-22.92942844537,-19.2379158706953,-16.8270133216157,-18.1058202909963,-16.8457724001085,-17.2850076634973,-17.9952184654942,-16.8365973291126,-18.3126928415766,-15.6088198610418,-16.0818650655208,-15.7743954253322,-17.9895190499685,-17.758516262662
"gene23",10.7269025027228,10.8203708397082,11.9801762402672,11.7015685917205,13.0628697485487,10.4939547931158,12.6577109155196,16.473624084403,13.5155416624951,14.8838544898487,10.9120151598488,14.3147004416958,14.0188520547218,13.4434397313546,12.2166989832133,10.9792071263342,12.4008194929496,14.6821832972705,12.7455373292856,14.3772359065076
"gene24",17.1414833578642,18.7523390585837,18.5985252814161,15.7190469756365,16.3358295731459,15.2291939111509,17.0736864432298,13.2574450166265,10.7562233085495,11.1437384791194,9.31344099655142,13.071505701156,13.4335265970473,13.5364747477417,12.2635242345263,11.0612803663277,12.1384983014315,13.1365340817458,12.5715442546067,13.3662386699609
"gene25",4.43293113604435,3.84795587620624,4.2828201979202,4.40923433208848,4.2220197550856,5.34508553576836,5.05728978552638,-0.417337686467276,-0.37306315000333,-0.0501601705276575,0.0412127097959507,1.3513413822801,-0.296494614648742,-0.714092118463298,-1.24130207842502,-0.0574738361082001,0.825296666599281,-0.191587900084735,0.0518382842493332,-0.594179439776876
"gene26",-3.37538535968395,-4.14805020766925,-7.07812475045434,-6.07932457590301,-2.90006878158358,-5.24098835451378,-4.75052450962087,-5.09974589537459,-2.93533515500531,-3.19747631945836,-2.25085779728095,-3.18736485885237,-3.20925838049674,-3.75416739186454,-3.57145109887891,-3.41106433765836,-2.27414811809893,-3.78218270571585,-4.56309996662003,-4.08948867155789
"gene27",-18.2729727520181,-20.3970816587907,-21.6856538184528,-17.7934362085513,-20.0476607352662,-19.8439725322166,-22.8606703380214,-29.2804176372308,-26.0612230372485,-27.6548935125593,-26.5425373325615,-27.5649513807562,-28.5029520877178,-27.8348739002799,-27.433295594026,-24.4491562559034,-26.584237069424,-24.9923023501031,-27.0049972509937,-26.0734545695425
"gene28",-15.2201548422441,-18.6561382282135,-19.9354306815993,-18.0767084464159,-17.2430972081496,-18.0774641883562,-21.3999775694327,-12.2377032936983,-14.7077616594706,-12.4678645399076,-13.208529621914,-13.7804960495147,-13.6300642723372,-14.2879130887607,-12.8158515734026,-10.4444311913038,-11.2313655014134,-12.6840832176388,-12.1984787288815,-13.6459276479355
"gene29",18.7355657159753,21.193120128248,22.9976140222145,19.3989034938856,22.3387044942507,18.8003644755655,24.0817814352761,28.7605775783801,27.669374123587,28.2612702299713,25.5953831515883,26.2403271273991,28.3656173876893,28.5441597175091,26.9432079843567,24.7676955747161,25.7072843147666,25.8514256600823,26.6258615281869,27.5121147178259
"gene30",10.6082347881806,9.78389751195424,10.3165024912067,9.75602068304328,11.6947925829591,7.89162334881102,8.69944841021005,10.9871531831943,12.7590414683532,12.4342453700971,9.90181053625257,11.645284007866,11.7975926640916,10.939183172374,12.5768473785295,8.6414140483924,11.8606891331521,9.76835026369561,10.7322617932432,10.1868340559365
"gene31",-1.7763373816555,-0.970783164655373,-0.706621897591256,-1.24850005945867,-1.48161030431496,0.246028250687741,-2.35689491177651,5.6379754728824,5.7176387396584,5.06785083564299,4.66780631581154,5.17849883418802,5.16194629405984,4.88739556070869,4.91880566484954,4.77468340963729,5.30813912457609,4.24837854145326,6.2700061089751,5.27748477485477
"gene32",0.421864511826181,0.842357133883054,0.963513586585525,2.56656107191939,-0.981808613520372,1.85281609060312,0.733690878693124,-3.78202673448967,-3.65254748758244,-1.36288875331613,-3.94034089383015,-3.15094574236902,-3.96532794583853,-4.66473180164646,-4.55332234617017,-3.0401275077233,-4.22580164887745,-4.96305735078166,-2.0687347013635,-2.90924473690771
"gene33",12.4911871714594,14.8967064242992,15.5398018749963,12.3612671737951,15.3956860555654,11.4239518019231,15.0877769750315,10.1433277032717,11.7917128054776,9.11293440792856,9.41657215994901,11.6403921061114,10.1905401388737,9.64198033580516,11.056271427048,9.97657109529095,9.77847364094099,7.76507164709924,11.5509343478227,8.73968717800907
"gene34",24.0878440010256,27.2659480740014,27.4871971004787,24.874706220368,28.0659921929837,25.8258403093942,27.6659580506828,19.5353817526246,19.3773686335542,21.0390419947915,16.8179661314832,17.8015122495819,19.3086978795481,19.4951002316411,18.9050371952458,17.4094218688801,16.9784709087263,17.1997568186524,17.4748293920807,17.1981639160998
"gene35",-19.4351130299683,-20.0162830339086,-21.8376593440166,-21.5873953548691,-22.3297608035811,-20.3525546141498,-22.537104827005,-20.6457973493859,-19.8446550670153,-19.8401339319075,-17.7881409530425,-19.1890067340639,-20.4494955565745,-20.023616774724,-18.5249647082917,-16.7441732481551,-17.377121476288,-16.124650240838,-18.078259477012,-18.6424160615336
"gene36",-17.5689595858192,-18.3492392538657,-19.2437158519876,-18.2724967180178,-17.4539541411594,-18.6839354655365,-19.0459674130466,-20.342801045664,-21.1233300234623,-21.7222478720734,-18.2102985574568,-21.1477453426693,-23.3403202099225,-20.476522134864,-21.1271553021377,-19.0866223440186,-17.2502057420738,-19.4412917985025,-20.4823877313367,-20.4394354276773
"gene37",-13.2331397470154,-16.9317957991416,-17.6563174245291,-14.1026237892452,-16.1654868684507,-13.3407946249908,-15.011984728385,-23.7904076328381,-22.2358536053629,-21.9830567509509,-20.1815803045696,-21.0198575370499,-21.986886420173,-21.5684117839778,-21.0502851037424,-19.6313509582876,-18.9193298491075,-21.7534229760798,-22.5759593758537,-22.2944941001429
"gene38",-8.11111975658288,-10.6583256725187,-8.39117947638896,-8.59818824672145,-7.27965574880455,-8.33376276971743,-8.60355251736602,-5.93239678351878,-3.36256499942442,-3.56220493310763,-3.43335049783274,-2.60213610240659,-4.87837151606345,-4.40546321707089,-5.25538840812526,-5.36646101837298,-5.04391789515864,-4.09847039701461,-4.63494855474885,-4.59913276474793
"gene39",30.9328028519289,34.5726249235155,34.8690618487813,30.5000993530941,33.4481579053501,33.236060181802,37.373272945885,32.304753383013,31.4312027590386,34.4051809219461,29.3764520858655,32.9226417973016,33.8921355708328,30.6067521141727,30.2890025811077,27.9307677408114,29.6638397868071,27.7270075029739,32.0105157398261,29.7357117000171
"gene40",-12.0200284249664,-14.6331180606695,-12.2159773459034,-13.7994943041854,-13.5886016460176,-13.2488536437712,-16.610945038428,-7.22305466151531,-7.42716951152905,-8.48442060603274,-8.19384166586507,-5.36937617836792,-9.41399780519668,-6.11927626749459,-7.30884717725326,-7.22787360461452,-4.61567992124668,-7.37410472854094,-5.26771410231832,-6.68008177565005
"gene41",-2.99778966802434,-2.92843939862094,-1.86742579710304,-6.50454574425732,-0.860994153775384,-3.77717349322208,-3.2639534892383,4.74301004860538,3.4521246507712,4.1770136763037,3.04962958354707,5.27201092728283,3.68261769126962,2.72390918960343,4.3414389608421,3.2027225089937,3.33743121871653,1.39398003137277,3.68669844198529,3.81289677519335
"gene42",18.5090882676506,18.9539528382984,20.1510486144573,16.9800530317689,18.3342472166367,17.6752808702469,20.4455701759501,19.3901902123545,19.3933660525386,19.5889522655009,15.0222614341074,17.4996766497656,18.7106452371211,18.5954351133282,18.1980622330391,15.0255385140796,16.6248329255005,14.857721017081,17.6693434562403,18.1247847589363
"gene43",20.6723525611012,24.1300964192739,23.9897572410787,23.2959810919464,22.1345898623001,23.8122205616555,23.2670780817511,17.7030671402725,16.266440802165,16.4458642706979,15.8573118151291,17.6158758624026,16.6730001908987,15.1518533683127,15.903993707049,14.3507428219155,14.3367456489143,16.6458090084491,16.8257152745956,16.4909429392993
"gene44",-3.95485454136029,-4.05439286475172,-4.09779597951456,-3.78241679547407,-1.82892517803764,-4.60066700322445,-3.7585903665047,-6.56203752378519,-5.77286434380525,-8.39031208707503,-5.71651595280741,-6.81692725706849,-4.87040251115533,-5.76380663055977,-7.04940732788944,-5.73150767963647,-7.36656078895756,-8.0364001005146,-4.90165474595962,-5.16747739711599
"gene45",2.7288362639856,4.20887806624313,1.18348840332686,4.04556786586425,4.72741135591234,0.821640608464819,4.07568171870621,-4.92646684367068,-4.09805649834913,-3.91773889764462,-6.07903643557562,-2.3606610401662,-5.52352598177477,-5.33378233951556,-5.12317452297312,-3.20723671921328,-1.92842321427281,-4.62790283134677,-4.23507218679101,-5.24970892297207
"gene46",15.8696970841254,17.2737785802034,18.1278249907545,16.5866461962811,17.0060627245972,17.4785624101876,18.711247575952,13.0000673383821,13.7204530063192,14.1909016582416,12.2335341724135,12.5701200151888,15.0694454398147,13.8139528808983,14.4948448522098,12.3678535513646,13.8512544883994,13.4081642464044,13.6256715998702,12.9970644301325
"gene47",12.6748323339776,10.789132993182,12.4376316341262,11.9562119380756,11.2477858276482,9.39656239359087,10.2714923324799,4.11720483808284,2.16936237484097,3.3794261288512,1.81787894499497,2.97802843331543,3.26573146242983,3.4137943414788,2.22960110524801,3.77134750956353,2.45139794460795,2.99179403440754,2.29381790232117,3.64188813373252
"gene48",-18.6781841171794,-17.8693651526619,-18.0169087812809,-17.2707324890032,-18.3330087875558,-18.0605142953873,-19.8847884523853,-10.4889632746491,-9.135159766122,-10.7843635685971,-9.31851836168211,-10.9327248065035,-11.3694073365629,-11.0686350284872,-11.0223652227516,-9.09588279071196,-9.04357922017997,-10.0503068317191,-9.30210331384585,-9.39943563013045
"gene49",-17.6772081486767,-20.1917115429074,-21.1417627864807,-21.0092315244089,-21.6725650351607,-18.5974107761417,-23.6972510079116,-17.0267588974672,-16.5934041184415,-16.2976218428057,-15.1248839156067,-15.1664869227602,-16.8150123711167,-14.9407257437066,-17.3409982457168,-14.9774049181639,-14.9265659355189,-16.3159669481884,-18.3966561370559,-16.8878656195267
"gene50",13.1781148387279,15.7780342989852,14.7690815200108,14.0746551554635,15.6491887226304,15.4696398750066,14.9153070751024,15.0170416003098,15.0204258065106,14.9924753426436,14.8595420047108,14.6683858964689,16.1022085190143,13.4726062219717,15.5677034474787,13.016560154912,12.4777328353757,12.7891799372774,12.2370335643738,11.8405313562902
"gene51",18.5751392216984,22.7809854338654,20.680465060951,20.1749147192629,21.3306820054808,19.3323859662721,20.7549006182447,20.362397429874,18.4636977280576,21.2622824985366,16.8868650676499,18.3519857062638,20.4578485426159,19.4170780397289,20.3257940217325,17.7446497696878,16.8218725469214,16.3976401147262,18.3664970398232,18.7292463191152
"gene52",-7.44518461313622,-11.6430244967478,-12.512000350254,-11.5902741424827,-11.3290793146343,-9.20748307017959,-10.8265830043183,-14.3549573724477,-14.1258737552884,-13.2462581797703,-12.8026434389116,-14.9528478278056,-15.1173596758235,-12.5123819074261,-13.511907511914,-12.9883381101522,-12.0873975010815,-14.5391722884709,-13.1066705020933,-12.5587231920201
"gene53",13.0392654392453,13.710635383499,15.1933482076908,13.4733395838083,14.918864009387,12.1652467374181,16.8228485486939,15.4564161829003,15.3500210054975,16.6836253591589,13.8580132444805,16.6427127939674,16.1855299854651,17.2334330855775,14.4391545696762,15.9223236705414,15.8365290929781,16.554697430109,16.9786978946966,14.0957935769133
"gene54",-0.258686201554135,-0.730968201074173,2.2757592587772,-0.0171412507829896,-1.12142126960648,-0.389156688650074,-0.86456105400461,5.99962471773011,3.05842218615565,5.01388514040863,3.28934461393152,3.8382451940765,1.9258776071352,4.18697298550307,3.380288525241,3.68397479523553,3.26105126978166,4.17000437484418,4.85129469310116,4.52725767369686
"gene55",-0.515165796408244,0.0901593051098135,-0.569070424016824,-0.269285446955884,1.07917013603258,0.513729081274438,0.637693257217741,3.67979897126629,2.84198408512335,3.3107456607611,1.26232991781042,3.56907257505812,3.91657235595325,4.74003581778948,4.26585718664164,2.37428018976665,1.1965546943257,3.75736828973068,3.2304026238171,3.18725408435911
"gene56",-5.11054729046659,-6.15816046219262,-7.45296606870171,-7.34582741031887,-6.3674763056945,-4.74722136784199,-8.4607763772386,-8.29438585698914,-7.04909666526909,-7.12499752566851,-7.59198297742396,-9.05016695833689,-7.11499355671536,-7.20036753823067,-7.26873934988536,-5.58916219452133,-6.66831206345905,-6.89353077666104,-8.28634369736855,-6.81077832214242
"gene57",-20.1876451218223,-24.960538199461,-25.2800194866564,-23.1479670376868,-24.0886946425184,-21.0454432153924,-24.5306112536098,-26.8293416932581,-24.9140116797157,-27.2402107584421,-23.8242268613943,-26.0747941166668,-27.511900034678,-25.8266222741588,-26.945461363835,-24.4161405788998,-22.3534048811705,-25.4068415621895,-25.4680323613857,-25.9487755786692
"gene58",13.6986845491618,15.2845070192175,13.5193041823961,14.9401432024066,13.162619258269,14.337974397448,15.2631481528516,8.00850460329401,6.82365532757765,6.52365504611986,6.49634911789987,6.55031960438635,6.92760488836601,4.90100091581158,5.4387909131896,6.16141696048537,6.63483987166971,7.06324913020605,5.95178815925185,6.40175960798125
"gene59",-7.11294047082948,-8.15587791843945,-9.27153082267052,-8.41617685554932,-7.38509685955998,-6.75550674386496,-6.25292784786655,-4.9345067328369,-4.95838976248423,-5.73483975748031,-5.91193576815722,-6.72221002074977,-6.37274237265041,-4.62439548471096,-5.54574730774198,-5.94610511782216,-6.41065951830642,-5.01505410410292,-4.55720894444919,-5.60950646605381
"gene60",-23.9975887944651,-25.4458557525609,-27.0213803427006,-23.352773125313,-24.7428271418784,-21.8537901243808,-28.1214562645313,-24.2415160036197,-22.4601166665487,-22.0534020166176,-20.7231264041382,-23.981840825675,-24.0645120017023,-24.0833800255943,-22.0817750003407,-20.693372036986,-20.8106220477018,-19.6007742203951,-23.2863260233336,-20.4943343958448
"gene61",0.740607625712075,0.878367851922467,0.765408591045794,-1.05680151395016,0.789270709145544,0.207442235532644,-0.490660887152947,3.17547425174189,0.633958795172769,1.78900585356003,2.62806909135001,0.224129801927206,3.88010205607136,3.88845805644472,2.93072136450123,1.51512137893597,2.3974620774553,3.44607425615612,4.66088814981281,3.32607377447683
"gene62",-25.6588284998476,-27.2106723226466,-31.4463683120611,-29.5912096256024,-30.6364768002251,-29.4504268942029,-33.7819382216027,-32.5356700168008,-30.7119814018326,-31.9066012973148,-28.8048668265625,-28.6151882521873,-32.6132892262181,-31.5650009538512,-30.5505409306615,-28.8497256059205,-27.1332820023907,-27.5637303661736,-30.3233263859103,-28.6266867152533
"gene63",2.71851145555545,1.75539035778693,1.38869573444037,3.88847902645509,0.638592130770574,2.84595718526694,1.36594689129174,-2.34049379490589,-1.15541604782388,-0.742871312051742,-2.07541235835068,-1.61031412222558,0.161465265982967,-1.64910943527409,-1.76576498919443,-0.822039248711442,-3.09789035460149,-0.0852624538375006,-1.02694757971693,-0.463585353619352
"gene64",7.58594762558356,9.18041403041822,7.50571283070325,8.0167692285396,7.97430961973212,7.26636358555872,9.47911824413249,12.3113381974853,9.73982711426106,10.1046847904922,8.89533112945483,10.0510449032706,10.9669528352653,11.2211616495806,9.70454679589985,10.0449811775682,9.08296379873569,10.048080606333,10.4480162284476,10.053039485674
"gene65",4.42358332314414,4.17480419330311,4.74260190902562,7.01396838149661,1.80080522040546,2.08644484909923,3.28051476605651,8.72684256979275,6.74266895741065,7.79721360833709,7.77951868919336,6.11978144603511,8.40864928377123,6.40703585077529,7.54996592972323,9.24868758931886,7.85562485685518,7.05503624527227,7.93992119419346,8.68171041251983
"gene66",-11.2591007675397,-14.3127177726415,-14.3860592934819,-13.7586187208798,-14.315174760588,-12.5435243183099,-16.0843555856374,-9.8514911804235,-10.4985497599333,-10.3608031781577,-7.66306877865403,-10.1751231466503,-11.510334761678,-9.32556292673427,-9.38480146971031,-8.55311685531417,-7.89517231243687,-8.40676086255798,-8.48875540872751,-7.58522570174693
"gene67",11.519990010957,13.3915750622759,13.7992752646657,13.8392732083233,12.5381998829323,12.5235609524115,13.063461951278,11.2298760570437,9.31635323459121,9.83409829580965,9.30183624102863,10.5060909254846,10.3584100326176,9.1776001366861,8.73776248909726,8.17195953943159,9.75767889238555,10.9597950898416,11.0178691654272,9.39852735114037
"gene68",20.6416691796565,21.4700115557811,24.3090044163348,20.8255316945041,21.0457469537105,19.6767183156671,22.4846094031183,24.4832389278603,23.1969013741905,23.4399720520434,20.8541931157783,23.6734817452052,24.8448198971617,23.3874364565009,23.6535806092347,20.9032654830808,21.0960172741798,20.1969107357906,22.5897492298757,23.0775606059296
"gene69",-6.66084579048857,-7.0491734927917,-8.34301260950618,-7.01177867095696,-7.68711031451143,-8.14351484165191,-9.37967654848174,-3.27544870550603,-4.16583259266992,-2.97155292596998,-2.51033317421098,-2.93707517620429,-4.28907635931211,-4.02228214765082,-2.29458176661487,-4.45817907864754,-3.93482647978207,-2.23756279971416,-2.86555583888997,-3.65134222467285
"gene70",-7.3606040068271,-6.52490742440509,-9.91983169930879,-10.9684704911141,-7.61669901394729,-8.62463470114078,-8.76299185890491,-4.97628717146914,-5.7361396060305,-4.3503870110252,-2.65673893700551,-3.39959596698093,-5.17072119674993,-5.46779288155366,-4.83480376355624,-4.23746678742422,-3.83441455584613,-4.80629817397925,-5.40261422969374,-4.16352908912306
"gene71",18.9144056344442,20.8783533632914,22.9359524418296,22.0271685829505,20.0624673141864,19.1329464570915,21.578833723441,17.4265501072928,14.8465343106091,18.2085427429967,15.9226636212452,17.4362887955766,18.482281519163,17.6961748197103,16.1460662883243,17.8859654540882,18.952849098368,17.1140887206677,17.14162093116,16.4882751262008
"gene72",7.34067594471294,10.0451846490513,9.59415716636152,6.08292499680282,8.31140626733255,9.7878063069778,8.53683941546271,5.75822722091652,8.1700128128801,5.49065046562264,5.11544326823835,5.17814727971792,6.68272470871889,6.04256020770872,6.18147116296757,4.92711865646368,4.56640052740949,4.96706731420328,5.67374832113703,6.02003610583438
"gene73",7.65885511875591,9.14610508772137,8.86146126864726,10.5412246081849,6.95746849136498,6.7588476521237,10.0984032358488,13.2992559282798,12.4767161890358,12.3956486222077,11.0757480648158,10.8959525623605,13.677298052621,9.99034701523835,12.505883990874,11.5929614157857,12.5172157030118,10.0827086593604,12.9540269798109,12.3664718670006
"gene74",-5.91531500044799,-7.09007023204237,-8.10373745602284,-6.37040340842026,-6.48714786208179,-4.85775654799351,-8.50367360858887,-8.38862185710276,-8.74344105850188,-9.59486212423165,-9.03418428048007,-6.76181753946073,-9.80583177177794,-10.1701423457191,-8.79362916167668,-8.0864106790404,-8.45653524234065,-8.00856816480637,-7.49153301956999,-8.64486150242089
"gene75",-9.657258931195,-11.7566424039227,-12.2111428503328,-12.3718570881262,-11.288146411524,-10.0343222094325,-11.9963236568285,-22.9200243763174,-22.1470955004423,-22.0678966917601,-19.9090931708422,-20.8643343136473,-22.7444703307117,-20.2548564292889,-20.8769009544348,-21.3614844540926,-20.3412950754508,-21.6162162132809,-21.5253740611646,-19.7507683758127
"gene76",0.646492068642964,2.12461511392291,-0.0547673758292262,1.80091043005332,0.747054838259432,3.31893935862521,-1.04737835427773,2.97880392432375,0.58079289778801,0.720616713234817,1.78567892471362,-0.0311922685123052,1.51950862064665,0.294906415672758,1.42924815247057,-0.147346883902237,0.496034622943696,1.79940079606561,0.759879824507371,1.91709619709206
"gene77",-8.98922185512332,-9.83258021186526,-9.86416954394244,-11.7027196728503,-10.9627620874347,-8.08490026087538,-12.6471384391596,-4.492784628769,-6.29884516083393,-4.20220941162043,-4.20925452818561,-3.6173099966208,-3.80302741487274,-4.28550581964067,-4.80864811727493,-2.50848626081243,-4.82833448076386,-4.57114566667065,-4.07185727008832,-4.84001568035828
"gene78",26.2888151338102,28.0103620108346,29.4313070337869,24.5028066202191,27.7135416084148,26.8343622262091,28.5744713676292,22.5151216347886,21.4184742193796,22.6540366331236,18.3839535885887,19.9163423079774,23.2903007114539,24.3067608345035,20.9508333079572,18.9572875521255,20.9765285424242,20.9448607010668,21.8940247425915,20.4298118787514
"gene79",15.0115784636057,15.7371255363805,14.963190651953,14.6347722209155,16.0463452197944,17.0823523790531,16.5220397048487,11.6798963582229,10.1005124118535,11.4568091769634,9.97606668034279,11.1030224611447,12.167194184637,9.18891630026881,9.81713113364528,9.34470152276485,10.0401228527648,9.68539133128045,11.6510846148095,9.52807970845361
"gene80",-8.81157986304483,-11.7445200656308,-10.4461718939131,-10.0916382875229,-10.7441748060163,-9.39293228382365,-11.6272301984474,-11.5910804813989,-13.6253300305195,-12.3724772542656,-10.7775542803006,-10.326607428927,-12.3235471594965,-12.5090593543827,-12.6617125126478,-9.18979520024519,-11.0693619284498,-9.21841124687672,-12.7771909245946,-8.62909212976653
"gene81",-16.1448408329815,-20.8257732765914,-21.8012955755555,-17.2595264272123,-19.0970158301629,-18.2046044290116,-23.4445275942471,-21.8850045331676,-23.3006514077946,-23.3985331608028,-18.7139459501518,-21.2988761681687,-22.5989458372038,-21.5935536484466,-21.2507976961014,-19.5943847220259,-19.3528402549657,-19.2742639016964,-20.6959649064225,-21.2267509669441
"gene82",-6.82205204983829,-8.36343117097192,-8.72300427333603,-5.93628780373991,-6.70911607118446,-6.52785331886042,-9.36264551711415,-10.3804716845205,-9.02017154375035,-7.14731545146834,-8.29124464817599,-8.116326168385,-9.34080778036436,-7.79596078167788,-8.52273310381142,-7.98870029308824,-9.20669183038807,-7.5137994872289,-7.85200106987821,-9.83836012682382
"gene83",2.04409288857129,4.53970158262347,4.74063434287923,2.97757686591933,2.01430418378061,3.28490358875014,3.71036754865508,1.15372480277633,2.05713933758667,-0.0195126794905092,1.96886322112021,0.316693057650427,1.74285021947332,3.70549160125991,3.53215244407012,2.85288573781086,1.58165984221348,3.25143813778443,1.938850323663,2.65224795947335
"gene84",15.9122564052327,14.3538044546273,16.2590317192058,15.05768642261,12.6436840314668,14.26317491046,16.7371708880286,9.03578735583159,8.22405137770145,8.88612876612856,9.33035266012657,7.98585853660253,8.67601586531793,10.0316043078036,9.29529494977161,8.92871982903826,8.31087903103006,7.86261275471183,9.01536117738823,9.43030271234012
"gene85",-5.26878805343914,-8.24139918658322,-9.37734704122068,-5.23613750587383,-7.726184501347,-7.13525822574804,-6.66107689307579,-7.66421075452495,-8.1405999864304,-7.50891783560461,-5.93535050122908,-8.52169664697943,-10.4016190638781,-9.80420943841632,-8.42619294745362,-6.61633939252893,-8.20088830096861,-7.45716507442573,-7.59418320040517,-7.58407336662064
"gene86",-5.93184664825909,-6.59715463118231,-5.80591524074991,-5.60431706932702,-5.67255258513256,-5.56306540331355,-5.23203637477098,-3.2096225459901,-5.08174985942262,-4.19093565202609,-5.40504295142453,-6.15153198076418,-4.0856492083416,-4.68476321940137,-3.70285721343111,-5.3146614586191,-4.67605801004918,-4.47002348309918,-3.27204857437331,-6.49325200435816
"gene87",-11.9803185643762,-13.6828526820119,-16.217792249073,-14.734196350552,-14.3865921442195,-12.0301748201567,-17.0049501325777,-10.2889793682597,-10.0460654193937,-10.9657733402803,-9.56171732688583,-9.74058641407213,-10.1258368426728,-9.43349635643942,-10.6439197233947,-8.5310600277997,-9.04527464592676,-10.2341925074186,-8.51077886815554,-9.28692574120275
"gene88",-26.5327784398051,-29.6289495943408,-30.1982424408564,-27.6331805103238,-29.1202027352316,-27.4334966533758,-31.4161970303676,-32.3454359470697,-32.4105139049866,-33.3144181153694,-29.0491931590418,-31.9377167169874,-32.6965642147384,-32.0489889700961,-29.2784615893842,-29.1736380547928,-26.8157061695738,-31.2169481000675,-31.4348676672151,-32.2096616086731
"gene89",-10.4943052635346,-9.36290806622884,-11.5565783124143,-10.1339073924389,-10.0865505803835,-11.1138663793529,-9.9685897143321,-9.90078233253141,-7.61322525418707,-7.27377159463858,-9.95237012476282,-8.92987444948876,-9.53505674291841,-7.96618594167567,-9.71322463446292,-6.91419815240736,-9.99460442255682,-7.8906858387353,-9.714403081502,-8.55594106167336
"gene90",5.26207364890271,8.3520689441295,7.6549808663959,9.60019740861765,9.17972598260712,8.25786966036757,9.12001095562819,8.90451678483135,5.83414253546963,8.74948328079632,8.7393106387426,8.67868857506598,10.4942773416641,8.35813568854298,10.4161326414514,6.51426400466204,8.55027474344257,7.45297361495317,8.15315457799836,8.89935470850848
"gene91",-17.4015362815585,-19.0967832522112,-16.2991526358861,-16.7407949331145,-18.1310965337631,-15.7762615225416,-17.7104446680797,-12.2902813970594,-14.129317537547,-10.761558320121,-10.9067776587998,-11.4501006035487,-11.6679936639711,-10.5493135892349,-10.4228476527231,-9.14991991044606,-7.06018308701088,-10.4739766446347,-11.4839170451218,-10.6593344993514
"gene92",2.90015456997722,1.73744172276946,2.59591001504329,-0.112670877707211,3.46958062167258,3.13063756925009,3.71194988243587,0.797854195210098,4.45674830598057,2.24664480049879,1.10687555096331,1.49194010041355,1.09515184454417,2.44814976616278,2.83759328606459,2.98890427670569,2.57918715384734,1.73703974575449,2.64444642568233,1.03630021438328
"gene93",-6.99705887609998,-5.76072795976208,-6.94573336283104,-5.07628211932022,-5.57911084251813,-6.04098939109191,-8.0398852284487,-8.61104614862813,-8.52904389894488,-9.10873750570521,-8.04354035051585,-8.92520096407001,-9.94401765863683,-8.18645124128698,-7.49967012025781,-7.47967217510336,-9.22829007632384,-10.209140174313,-8.8914841960615,-9.29667018327298
"gene94",11.3050047165147,11.5800825589612,11.0598751220268,12.2974417484735,11.4177351212245,11.6121347750361,11.7347834916234,2.3282663793372,3.20919679843859,4.21167750489703,1.70139791985803,1.86424165787442,2.82945290062114,2.02737431942599,3.44866602110216,1.72950333959368,2.55940268260973,2.16294337738216,1.97077140925384,2.13160579695872
"gene95",0.430696199044796,-0.410842011913055,-0.22077184132473,-0.438080272959792,-1.7178335185157,-1.00321853507337,0.357691466609547,-5.15162520011464,-7.05333853376858,-5.25495915952371,-5.73402792013543,-3.14135536419889,-5.51896520730557,-6.05739336645787,-5.97477274382229,-4.43021580129204,-3.44234830784564,-6.5641106470021,-5.7776440504831,-5.03144105718053
"gene96",-20.8048616887199,-21.9792631265069,-20.5103267496282,-21.1298818875652,-21.937999910444,-20.7894133644164,-22.9611585892142,-8.87070652443191,-10.3114689101221,-7.95157657413043,-8.47467497746941,-9.90175570103377,-11.4191055753167,-7.74064140702462,-7.83035776436463,-9.37536733790591,-8.32345057059066,-9.07055500163212,-10.5225755285578,-11.5875930064589
"gene97",-2.5610522538316,-4.27642216126365,-2.00430966945789,-2.65776165257657,-5.72690242706288,-4.20718731403672,-6.5523889415732,3.61108762161741,-0.530165259914126,0.246298759810802,0.141346840700441,2.93536260179149,2.1099446488232,1.98882753006866,2.65485687000444,0.977291909617477,0.810116661709907,2.23312658999443,1.08476897117356,3.33214839998308
"gene98",10.0406873982651,9.77461528814191,11.8475220987655,10.5855166416292,10.2685695482021,10.513700954341,11.0424563181766,12.3677776813496,9.28574039887473,10.5242967218407,9.87548654133463,9.80540487366789,8.10201922081493,9.89246638035345,7.50393827946406,9.90175702412509,8.94201287779088,9.28921786448207,10.0512698348472,11.2063829602724
"gene99",16.9024940778857,18.4474976174384,18.8262825578818,18.6885114708389,18.3967695600416,17.7576866392608,17.9980128528779,13.7538192402853,14.0856372981252,15.3006069835655,13.650320650178,12.9437446768151,15.7780370068863,13.9718026173632,12.5484220017159,14.3690315371323,11.2513575605322,14.2456073039405,14.0269783299843,12.4994952537691
"gene100",-11.3350311397858,-14.0809422608977,-14.1135978366078,-11.3267056909837,-14.6571721220225,-12.9196098920231,-14.1703507593085,-14.1182889922483,-15.9706319356468,-14.2862383302832,-12.3352089961054,-14.3705613354147,-15.0279759045152,-14.1545270898978,-13.5103336376108,-14.9397718120759,-9.95092295203691,-13.8747410663939,-12.6156764793348,-11.260101431162
